{
    "image":[
        {
            "id":"0",
            "url":"./img/나의_아저씨.jpg",
            "title":"나의 아저씨",
            "detail":"나의 눈물샘 자극 드라마"
        },
        {
            "id":"1",
            "url":"./img/나의_해방일지.jpg",
            "title":"나의 해방일지",
            "detail":"날 추앙해요"
        },
        {
            "id":"2",
            "url":"./img/멜로가_체질.jpg",
            "title":"멜로가 체질",
            "detail":"샴푸향을 신경쓰게 만들어준 드라마"
        },
        {
            "id":"3",
            "url":"./img/부부의_세계.jpg",
            "title":"부부의 세계",
            "detail":"사랑한게 죄는 아니잖아"
        },
        {
            "id":"4",
            "url":"./img/빈센조.jpg",
            "title":"빈센조",
            "detail":"섹시한 마피아변호사"
        },
        {
            "id":"5",
            "url":"./img/사랑의_불시착.jpg",
            "title":"사랑의 불시착",
            "detail":"현빈님 손예진님을 이어준 드라마"
        },
        {
            "id":"6",
            "url":"./img/소방서옆경찰서.jpg",
            "title":"소방서 옆 경찰서",
            "detail":"김래원님 목소리에 흘러내렸다"
        },
        {
            "id":"7",
            "url":"./img/오징어게임.jpg",
            "title":"오징어 게임",
            "detail":"딴딴따 딴딴따 이러다가 다 죽어"
        },
        {
            "id":"8",
            "url":"./img/재벌집_막내아들.jpg",
            "title":"재벌집 막내아들",
            "detail":"연기력이 다들 미침"
        },
        {
            "id":"9",
            "url":"./img/태양의_후예.jpg",
            "title":"태양의 후예",
            "detail":"송중기와 송혜교를 이어준 비극의 드라마"
        },
        {
            "id":"10",
            "url":"./img/펜트하우스.jpg",
            "title":"펜트하우스",
            "detail":"베로나~"
        }
    ]
}